Bay Beat Summit: Year Of The Beatmaker ft. YES YES, Esteban Sunday, Hemlock, Akemi, DJ Llama 	The Ritz (San Jose)	Wed: Jan 8 (8pm-12am)	hip-hop, future beats	Free | 21+	The Ritz	https://www.eventbrite.com/e/bay-beat-summit-year-of-the-beatmaker-tickets-87913970051
DJmaDRE 	The Royale (San Francisco)	Wed: Jan 8 (8pm-12am)	future bass, hip hop, funk, soul, global bass	Free | 21+	Will Weston	https://www.instagram.com/djmadresf/
Shine Feat. Kozee 	The Flamingo House (Sacramento)	Wed: Jan 8 (9pm-1:30am)	garage, juke, footwork, club music	Free	The Flamingo House	https://www.facebook.com/events/575303753302157/
The Tribe Presents Welcome Back - Gabe Van de Sande, Miggle, Naray & Ocean Sako 	MOTIV (Santa Cruz)	Wed: Jan 8 (9pm-1am)	pop EDM, house	Free w/RSVP b4 10pm/$5 | 21+		https://www.eventbrite.com/e/the-tribe-presents-welcome-back-tickets-82401468009
Adiidas, Bd Hbt, Patches O'Malley, Hydrogon 	American Legion Post 795 (South Lake Tahoe)	Wed: Jan 8 (9pm-2am)	glitch-hop, dubstep, bass music	$15 pre/$20 | 21+	Hakunamatahoe	https://www.facebook.com/events/646416775902829/
Beat Banquet w/ Maitre D 	Monarch Lounge (San Francisco)	Wed: Jan 8 (9pm-2am)	hip-hop, funk, disco, soul	Free | 21+		http://www.residentadvisor.net/events/1360743
Housepitality: Joey Alaniz, Charlotte The Baroness, Supervixen 	F8 1192 Folsom (San Francisco)	Wed: Jan 8 (9pm-2am)	house	Free w/RSVP b4 10pm / $5 pre / $10 | 21+		https://www.residentadvisor.net/events/1363756
Thursday Sessions 	Bergerac (San Francisco)	Thu: Jan 9 (5pm-2am)	house, funk	Free | 21+	Housekeeping	https://www.facebook.com/events/623464398461859/
Full Circle 	The Layover (Oakland)	Thu: Jan 9 (8pm-2am)	hip-hop, r&b, soul, boogie, disco, house	Free | 21+		https://www.facebook.com/events/422565901971656/
Carbin Tour 	Republic Bar & Grill (Sacramento)	Thu: Jan 9 (9pm-1:30am)	dubstep, trap	$8-12 | 18+	National Entity Events	https://www.eventbrite.com/e/carbin-tour-republic-tickets-86982146943
Hot Music Feat. Lions In Paris 	The Flamingo House (Sacramento)	Thu: Jan 9 (9pm-1:30am)	soul, house, hip-hop			https://www.facebook.com/events/2633379296699357/
4 On The Floor - Ep. 9 - Gypsy Disco Project 	The Valencia Room (San Francisco)	Thu: Jan 9 (9pm-2am)	progressive house, tech house	Free w/RSVP b4 10pm | 21+		https://www.eventbrite.com/e/4-on-the-floor-ep-9-gypsy-disco-project-tickets-88178276599
CCVO Thursdays - Christina T, Santi, Nicu 	Underground (San Francisco)	Thu: Jan 9 (9pm-2am)	deep house, tech house, techno	Free | 21+		http://www.residentadvisor.net/events/1364106
Doesitbang? #21: Banger Hospital w/Just Trees, Grumpy, Grlgod vs Lucy Stoner, Kedi 	BRIX 581 (Oakland)	Thu: Jan 9 (9pm-2am)	aggressive booty music, acid house, jersey club, footwork, chiptune, bounce, donk	Free | 21+		https://www.facebook.com/events/2579016209035581/
Forbidden Transitions Presents: Celestia - Sean Ocean, Gadder, Pteron, Hal909, Miss Craft 	F8 1192 Folsom (San Francisco)	Thu: Jan 9 (9pm-2am)	techno	Free w/RSVP b4 10pm/$5 | 21+		https://www.eventbrite.com/e/forbidden-transitions-presents-celestia-tickets-87557722505
Throw Down Thursday 	Spats (Berkeley)	Thu: Jan 9 (9:30pm-2am)	bass house, g-house, disco, hip-hop	Free | 21+		https://www.eventbrite.ie/e/throw-down-thursday-house-music-night-berkeley-tickets-69202292921
Fault Radio Live w/ Spaceghost, Faychee, Kin Sveta 	Bandcamp (Oakland)	Fri: Jan 10 (4pm-7pm)	techno, tech house, deep house, leftfield	Free | All ages	Bandcamp	https://www.facebook.com/events/442670783092581/
Monte Carlo 	111 Minna Gallery (San Francisco)	Fri: Jan 10 (5pm-9pm)	hip-hop, funk	21+		http://www.residentadvisor.net/events/1348656
San Francisco Tape Music Festival 	The Victoria Theatre (San Francisco)	Fri: Jan 10 (8pm)	experimental		SFsound	https://www.facebook.com/events/352528609029380/
Ecstatic Dance San Jose 	First Unitarian Church Of San Jose (San Jose)	Fri: Jan 10 (8pm-10pm)	world music, global bass, downtempo, yoga	$20  | All ages	Ecstatic Dance	https://www.facebook.com/events/550646478678132/
Headroom SF Listening Sessions 	Halcyon (San Francisco)	Fri: Jan 10 (8pm-10pm)	open producer workshop	Free | 21+	Ryan Michael Robbins	https://www.facebook.com/events/3237050602989740/
Yung Yogi 	Brick & Mortar Music Hall (San Francisco)	Fri: Jan 10 (8:30pm)	hip-hop	$15  | All ages	Sean Healy	https://www.ticketweb.com/event/yung-yogi-brick-and-mortar-music-hall-tickets/10109445?REFERRAL_ID=twfb
Thriftworks 	Moe's Alley (Santa Cruz)	Fri: Jan 10 (9pm-11:59pm)	hip-hop, trap	$10-20 | 21+		https://www.eventbrite.com/e/thriftworks-tickets-83265361939
Ider + Allday Live 	Rickshaw Stop (San Francisco)	Fri: Jan 10 (9pm-12:30am)	indie dance, synthpop	$15  | 18+		https://www.eventbrite.com/e/ider-live-popscene-tickets-77563820475
Club Gen X 	The Ritz (San Jose)	Fri: Jan 10 (9pm-2am)	80s synthpop, new wave, dark wave, post-punk, EBM	$3  | 21+	Grim Entertainment	https://www.eventbrite.com/e/club-gen-x-80s-new-wave-post-punk-darkwave-ebm-retro-tickets-85543054579
Into The Jungle: Salex, Plusgood , Kieshaboy, DJ Please, Dreamlogic 	BRIX 581 (Oakland)	Fri: Jan 10 (9pm-2am)	drum and bass, jungle, bass music	$5 b4 10/$10 | 21+	Nice Ones	https://www.facebook.com/events/297213327892918/
Riddim (Debut Party), Force Placement, Selim X, Swan Sangamon and Woo 	Underground (San Francisco)	Fri: Jan 10 (9pm-2am)	techno, experimental, IDM, acid house, electro	$5  | 21+		http://www.residentadvisor.net/events/1366384
Thunderstone Labs, Feele and Hugsy, Feele, Ancient Future, Matt Meyer, DJ G.A., Oso Disco 	The Valencia Room (San Francisco)	Fri: Jan 10 (9pm-2am)	lofi house, deep house	Free w/RSVP b4 10pm/$10 | 21+	Secret Friends	https://www.eventbrite.com/e/thunderstone-labs-at-the-valencia-room-tickets-83296360657
Wrongway w/ Siobhan Aluvalot 	Driftwood (San Francisco)	Fri: Jan 10 (9pm-2am)	house	21+	Driftwood	https://www.facebook.com/events/1624410154367443/
Boris, nd_baumecker, Jean-Philippe, wwwood, Comua 	F8 1192 Folsom (San Francisco)	Fri: Jan 10 (9pm-4am)	techno	$15-25 | 21+	Dirty Epic, Direct to Earth	https://www.residentadvisor.net/events/1347759
Bassmint 2020: Lb/Konfusion/Vibekontrol, Dark Velvet, B!Tchkraft 	BassMint (Chico)	Fri: Jan 10 (9:30pm-1:45am)	bass music, dubstep, glitch	$5  | 21+		https://www.facebook.com/events/467398410639028/
Skinny Puppy Vs Nine Inch Nails 	Cat Club (San Francisco)	Fri: Jan 10 (9:30pm-2:30am)	industrial rock, goth, synthwave, electro	$5 b4 10/$8 | 21+	Nightshift	https://www.facebook.com/events/732422413918558/
Park Friday w/ DJ Elements 	The Park Ultra Lounge (Sacramento)	Fri: Jan 10 (9:30pm-2am)	hip-hop		The Park Ultra Lounge	https://www.facebook.com/events/464017181178960/
Opulent Temple Presents: The Road Back 	Public Works (San Francisco)	Fri: Jan 10 (9:30pm-3:30am)	tech house, breaks, electro house, funky house	$5 b4 1030/$10 pre/$18-20 | 21+		https://www.eventbrite.com/e/opulent-temple-presents-the-road-back-18-in-2020-tickets-85942144267
Wobbleland South Bay Pre-Party 	Elev8 (San Jose)	Fri: Jan 10 (10pm-1:30am)	riddim, dubstep	Free | 21+	Olympus Events	https://www.eventbrite.com/e/official-wobbleland-south-bay-pre-party-free-w-rsvp-tickets-88160537541
Chulita Vinyl Club Futuristic New Year Friday 	The Legionnaire Saloon (Oakland)	Fri: Jan 10 (10pm-1:45am)	latin dance, club music	Free | 21+		https://www.facebook.com/events/559476757971424/
Bassjackers 	Pure Nightclub (Sunnyvale)	Fri: Jan 10 (10pm-2am)	big room, electro house	$15-25 | 21+		https://www.purenightclub408.com/event/bassjackers-01-10-20/
R3v!V@L 	The Blue Lagoon (Santa Cruz)	Fri: Jan 10 (10pm-2am)	psytrance, hip-hop, pop	$5 suggested donation | All ages	PsyberTribe	https://www.facebook.com/events/437447877198069/
Chris Clouse 	Temple Nightclub (San Francisco)	Fri: Jan 10 (10pm-3am)	house	21+		https://www.eventbrite.com/e/chris-clouse-tickets-87393697903
Party Favor: Layers Envisioned Tour 	1015 Folsom (San Francisco)	Fri: Jan 10 (10pm-3am)	trap, pop EDM	$15  | 21+		https://www.eventbrite.com/e/party-favor-layers-envisioned-tour-at-1015-folsom-tickets-74143066909
Oliver Smith X Dolby Atmos 	Halcyon (San Francisco)	Fri: Jan 10 (10pm-4am)	trance, progressive house	$10-25 | 21+		https://www.eventbrite.com/e/oliver-smith-x-dolby-atmos-tickets-85835049945
Substance w/ Moulton Music 	The Endup (San Francisco)	Fri: Jan 10 (10pm-6am)	house, hip-hop, latin	Free w/RSVP b4 11pm/$10-15 pre/$20 | 21+		https://www.eventbrite.com/e/substance-w-moulton-music-tickets-85699506531
Rhythm Method: Friday Night Afters - James Dean, Mike Bledsoe, Subrhythm, Ally AF 	The Endup (San Francisco)	Sat: Jan 11 (2am-6am)	deep house, tech house	21+	Housebroken Events	https://www.facebook.com/events/478625432734217/
Wild Ones ~ A Kid-Centric Dance Party Feat. Icon & Sychosis 	BRIX 581 (Oakland)	Sat: Jan 11 (10am-1pm)	house, breaks, dubstep	$8-12 / Free for kids		https://wildonesjan2020.eventbrite.com/
Empty House Housewarming! 	3791 Harrison St (Oakland)	Sat: Jan 11 (2pm-8pm)	house, live bands, rock			https://www.facebook.com/events/2420714301576494/
Take Me To Tequila Takeover - Podcast Launch w/ Tac 	BRIX 581 (Oakland)	Sat: Jan 11 (4pm-9pm)	house, tech house	$5  | 21+		https://www.facebook.com/events/2457813021146352/
Drift: Neuro-Meditation 	Blue Bear School of Music (San Francisco)	Sat: Jan 11 (7:15pm-9pm)	ambient, experimental	$25  | 18+	Flower & Frequency	https://flowerandfrequency.com/drift-blue-bear/drift-blue-bear-1420-lf337
Bambolers Welcome In 2020 	The Armory Club (San Francisco)	Sat: Jan 11 (7:30pm-2am)	 deep house, tech house, techno, psytrance, goatrance	Free	Yuvraj Kakkar	https://www.facebook.com/events/763218520851385/
Lcd Soundsystem Vs Daft Punk - Tribute Night 	Rickshaw Stop (San Francisco)	Sat: Jan 11 (8pm-11:55pm)	electronic rock, house, disco, funk	$12  | 18+		https://www.eventbrite.com/e/lcd-soundsystem-vs-daft-punk-tribute-night-tickets-75379260397
Eternal Now w/ Jenny Odell & Friends 	Starline Social Club Ballroom (Oakland)	Sat: Jan 11 (8pm-1am)	experimental	$20  | 21+		https://www.eventbrite.com/e/eternal-now-tickets-87490028029
Hardcore In The Bay: Welcome To The Rave Area w/Devops, DJ E-Light, DJ Soulr, Liquilush, Switchblade, Treekat, Autopsy, Krystalize, Lucky Rabbit, Pinky!, Sneakerz, Venom5Pitter, Hosted By Mc Motive 	DNA Lounge (San Francisco)	Sat: Jan 11 (9pm)	hardcore, gabber, eurobeat, drum and bass, hardstyle	$10 pre/$10 | All ages	Kandi Love, Hardcore In The Bay, Psi-Fi Event Production, PLUR Alliance	https://www.dnalounge.com/calendar/2020/01-11d.html
Katdelic - Funk Dance Party 	Moe's Alley (Santa Cruz)	Sat: Jan 11 (9pm-12:30am)	funk, soul, EDM, hip-hop, rock	$10 pre/$15		https://www.eventbrite.com/e/katdelic-tickets-86830583613
Martyparty Of Pantyraid w/ Sidecar Tommy Of Beats Antique 	The Public Works Loft (San Francisco)	Sat: Jan 11 (9pm-1am)	bass music, glitch-hop, downtempo, world music	$10 ppre | 21+	Euphonic Conceptions	https://www.bigneon.com/tickets/euphonic-conceptions-public-works-present-martyparty-sidecar-tommy-and-minx-san-francisco
Eurythmics, Inxs & Yaz 80s New Wave Dance Party 	Cat Club (San Francisco)	Sat: Jan 11 (9pm-2:30am)	80s synthpop, new wave	$6  | 21+	Dj Damon	https://www.facebook.com/events/469302700638572/
Love Vibrations w/JJ Shay, Sean Ocean, Paucus 	Lounge 3411 (Oakland)	Sat: Jan 11 (9pm-2am)	house	$5  | 21+	Buck DiPaula	https://www.facebook.com/events/725151811314387/
Rinzen 	Fulton 55 (Fresno)	Sat: Jan 11 (9pm-2am)	progressive house, tech house	$10  | 21+	Lmc	https://www.livemusiccity.com/events/lmc-presents-rinzen
Thunderstone Labs 	The Valencia Room (San Francisco)	Sat: Jan 11 (9pm-2am)	lofi house, deep house	Free w/RSVP b4 10pm/$10 | 21+	Secret Friends, Resonance	https://www.eventbrite.com/e/thunderstone-labs-at-the-valencia-room-tickets-83296360657
Dad Bang! January 	F8 1192 Folsom (San Francisco)	Sat: Jan 11 (9pm-3am)	disco, house, funk	$10 pre/$15 | 21+	Go Bang!	https://dadbangjanuary2020.eventbrite.com
Technosaic w/ Ben Annand, Javier Fabian, Amicus, Solara 	Midtown Barfly (Sacramento)	Sat: Jan 11 (9pm-3am)	deep house, tech house	$10 pre/$15 | 21+	Lost In Groove	https://www.eventbrite.com/e/technosaic-w-ben-annand-javier-fabian-amicus-solara-tickets-86741394847
Joachim Pastor 	Audio (San Francisco)	Sat: Jan 11 (9:30pm-2am)	progressive house, tech house, deep house	$10  | 21+		https://www.eventbrite.com/e/joachim-pastor-tickets-79055245367
Bootie Mashup: Adrian A's B-Day Bash 	DNA Lounge (San Francisco)	Sat: Jan 11 (10pm-3:30am)	mashups	$10 b4 11pm/$15 pre/$20 | 18+	Bootie Mashup (S.F.)	https://dnalounge.com/calendar/2020//01-11.html
DJ Dan, DJ Mes, Joey Alaniz, Mike Frugaletti 	Monarch (San Francisco)	Sat: Jan 11 (10pm-3am)	deep house, funky house	$10-20 | 21+	Common Ground SF	https://www.eventbrite.com/e/happy-birthday-jessika-joey-tickets-85313399675
Fergie DJ 	Temple Nightclub (San Francisco)	Sat: Jan 11 (10pm-3am)	deep house, nu-disco, techno, tech house, electro house	$5 b4 11 / $23.09-750 | 21+		https://www.eventbrite.com/e/fergie-dj-tickets-87393868413
Franklyn Watts and John Summit, Michael Bricker, Juanton 	Halcyon (San Francisco)	Sat: Jan 11 (10pm-4am)	tech house	$5 b4 11/$10-20 | 21+		https://www.eventbrite.com/e/franklyn-watts-and-john-summit-tickets-85196580265
Gus Presents Epic, Eddie Martinez, AJ Reddy 	The Great Northern (San Francisco)	Sat: Jan 11 (10pm-4am)	progressive house, tribal house	$20-40 | 21+		https://www.eventbrite.com/e/gus-presents-epic-tickets-85159808279
Soundpieces Afterlife Full Moon Party w/Addison Groove, Anna Morgan 	TBA (Oakland)	Sat: Jan 11 (11:11pm-5:55am)	dubstep, garage, trap, grime, hip-hop, footwork, juke, halftime drum and bass, house	$18 pre | 18+		https://www.eventbrite.com/e/addison-groove-anna-morgan-soundpieces-afterlife-full-moon-party-tickets-87291131123
Empress Studio Grand Opening 	1962 Harrison St (San Francisco)	Sun: Jan 12 (3pm-6pm)	house	Free		https://www.eventbrite.com/e/empress-studio-grand-opening-tickets-88034522627
Frolic ^._.^ (1yr Anniversary) 	Faces Nightclub (Sacramento)	Sun: Jan 12 (3pm-9:30pm)	house, tech house	Free	Woot2	https://www.facebook.com/events/521982308526682/
Afton Presents: Dna Lounge 	DNA Lounge (San Francisco)	Sun: Jan 12 (6:30pm-12:30am)	hip-hop	$13 pre/$16 | All ages		https://www.dnalounge.com/calendar/2020/01-12d.html
Booty Patrol w/ Calling Marian, Merlin The Girl, Tanya G, DJ Cira 	Underground (San Francisco)	Sun: Jan 12 (9pm-2am)	techno, electro, acid, house	Free w/RSVP b4 10pm/$10 | 21+		http://www.residentadvisor.net/events/1368113
Werd. Residents and Friends, Jimmy B, Zoz, Woo and Surprise Guest 	Monarch (San Francisco)	Sun: Jan 12 (9pm-2am)	tech house, funky house	$5  | 21+		https://www.residentadvisor.net/events/1368186
Stamina Sundays: Cyantific, Method One, Krystlize 	F8 1192 Folsom (San Francisco)	Sun: Jan 12 (10pm-2am)	drum and bass, jungle	Free | 21+	Stamina DNB	https://www.facebook.com/events/583833072430777/
Sam Eliot's Spirit Disco w/ Cugino and Nate Beier 	The Press Club (Sacramento)	Mon: Jan 13 (7pm-10pm)	funk, disco, soul	$6 		https://www.facebook.com/events/613739089394927/
Resident Electronic Music 	The Laundry (San Francisco)	Tue: Jan 14 (8pm-10pm)	open jam	All ages		https://www.facebook.com/events/597332354174740/
David Satori, Flying Skulls + Gem & Jam SF Preparty Soundpieces 	Monarch (San Francisco)	Tue: Jan 14 (10pm-2am)	dubstep, trap, grime, hip-hop, footwork, juke, halftime drum and bass, house	$7  | 21+	Euphonic Conceptions	https://www.eventbrite.com/e/gem-jam-san-francisco-preparty-soundpieces-tickets-87287401969
Lofried Lofi Happy Hour: Gonzofuze, Sam Lewis 	Boom Boom Room (San Francisco)	Wed: Jan 15 (6pm-9pm)	lofi hip-hop, trip-hop	Free | 21+	Lofried	https://www.facebook.com/events/412700876262903/
Christian Martin, Oszo, Ryan Lincoln & Ugly Girls In Miami 	MOTIV (Santa Cruz)	Wed: Jan 15 (9pm-1am)	tech house	$10-20 | 21+	Santa Cruz Music Festival	https://www.eventbrite.com/e/christian-martin-oszo-ryan-lincoln-ugly-girls-in-miami-at-motiv-tickets-81873266143
Beat Banquet w/ Maitre D 	Monarch Lounge (San Francisco)	Wed: Jan 15 (9pm-2am)	hip-hop, funk, disco, soul	Free | 21+		http://www.residentadvisor.net/events/1360745
Housepitality: Juanpablo, Tasho, Slope114 	F8 1192 Folsom (San Francisco)	Wed: Jan 15 (9pm-2am)	house	Free w/RSVP b4 10pm / $5 pre / $10 | 21+		https://www.residentadvisor.net/events/1367654?fbclid=IwAR1-dvm3HSmvYhZi8NxRvAUoan8TPLb_z_6b3rcjwHIbeUbIWbSpFZIe41A
Thursday Sessions: Snakdaddy, Blk&Wht, Dominic M, Dnsb, Astronap, Deridac, Maj 	Bergerac (San Francisco)	Thu: Jan 16 (5pm-2am)	house, tech house	Free w/RSVP	Housekeeping	https://www.eventbrite.com/e/thursday-sessions-11619-tickets-88407285571?fbclid=IwAR3kXkgrUXZvooRd2GFbVh7W5dIFopzBWiSPQRAt0q6zV_YtZbgWuHtbQ5A
Icarus Presents Sub_Orbital 	Monarch (San Francisco)	Thu: Jan 16 (5:30pm-2am)	deep house, tech house	Free b4 9:30pm/$10-15 | 21+		https://www.facebook.com/events/756074054868989/
Starcrash #1: Sophia Prise, Vice Reine, Host Bodies, Containher 	DNA Lounge (San Francisco)	Thu: Jan 16 (8pm)	synthpop, electro pop, indie dance	$10  | All ages		https://www.dnalounge.com/calendar/2020/01-16d.html
Workshop Sessions #2: Production Skillshare 	Vinyl Dreams (San Francisco)	Thu: Jan 16 (8pm-9:30pm)	producer workshop	Free | All ages	Noctuary SF	http://www.residentadvisor.net/events/1356350
Electric Feels: Indie Rock + Indie Dance Party 	The New Parish (Oakland)	Thu: Jan 16 (8:30pm)	indie rock, synthpop, pop EDM, indie dance	$13-15 | 21+		https://www.eventbrite.com/e/electric-feels-indie-rock-indie-dance-party-tickets-85542508947
Wax Trippin 	The Legionnaire Saloon (Oakland)	Thu: Jan 16 (9pm)	hip-hop	$5  | 21+	Rondavoux Records/Rdv Promo	https://www.facebook.com/events/849163772133074/
Hot Music Feat. Chango 	The Flamingo House (Sacramento)	Thu: Jan 16 (9pm-1:30am)	soul, house, hip-hop	21+		https://www.facebook.com/events/988823611498801/
Jody Wisternoff (Anjunadeep) 	London (Sacramento)	Thu: Jan 16 (9pm-1:30am)	progressive house, deep house	$5-20 | 21+	Requiem Events, London	https://www.eventbrite.com/e/london-presents-jody-wisternoff-anjunadeep-mr-bremson-stylus-oasis-tickets-88014346279
Sympathy (Ministry Tribute Band), DJ Omar 	The Great Northern (San Francisco)	Thu: Jan 16 (9pm-12am)	industrial, synthpop, EBM	$12  | 21+	The Great Northern	http://www.residentadvisor.net/events/1368146
Sequence: Official Wobbleland Pre-Party Ft. Lucii 	DNA Lounge (San Francisco)	Thu: Jan 16 (9pm-2am)	dubstep	$5-20 | 18+	Vital Events, Llc	https://www.eventbrite.com/e/sequence-0116-official-wobbleland-pre-party-ft-lucii-tickets-86177983669
Wobbleland 2020: Zeds Dead, Adventure Club, Liquid Stranger, Subtronics b2b Boogie T b2b He$h, Bear Grillz, Midnight Tyrannosaurus b2b Downlink, Monxx, Moody Good, Spag Heddy, Abelation, Cromatik 	Bill Graham Civic Auditorium (San Francisco)	Fri: Jan 17 (5:30pm)	dubstep, riddim, bass music, glitch-hop, trap	$110-130 | 18+	Another Planet Entertainment, Vital	https://www.ticketmaster.com/event/1C005738942B4AF2
Mimosa (10 Year Anniversary Of Psychedelic Stereo) 	Hopmonk Tavern Sebastopol (Sebastopol)	Fri: Jan 17 (9pm)	glitch-hop, bass music	$20.81  | 18+		https://wl.seetickets.us/event/MiMOSA-10-Year-Anniversary-of-Psychedelic-Stereo/398116?afflky=HopMonkSebastopol
Eclectic w/Soleil, Christina T 	Asiento (San Francisco)	Fri: Jan 17 (9pm-1am)	deep house, tech house, techno	21+		https://www.facebook.com/events/496934534258883/
Belief Defect, Hypoxia, Luis Flores, Max Gardner, Tariq 	Gray Area Foundation For The Arts (San Francisco)	Fri: Jan 17 (9pm-2am)	live a/v, experimental, noise, techno	$15-20 pre | 21+	Direct To Earth	https://grayarea.org/event/belief-defect-live-a-v/
Patrik Khach & Ramona Wouters 	251 Club (San Francisco)	Fri: Jan 17 (9pm-2am)	downtempo, deep house, melodic techno	$15-30 | 21	Safra	https://www.residentadvisor.net/events/1358328
Doorly 	Monarch (San Francisco)	Fri: Jan 17 (9:30pm-2:30am)	tech house, deep house	$10-20 | 21+		https://www.eventbrite.com/e/doorly-reptile-dysfunction-hard-times-at-monarch-tickets-85148071173
Weiss (Open To Close Set) 	Audio (San Francisco)	Fri: Jan 17 (9:30pm-2am)	disco house, funky house, deep house	$15-20 | 21+		https://www.eventbrite.com/e/weiss-open-to-close-set-tickets-81628816989
Make It Funky 7 Year: Egyptian Lover, Seven Davis Jr, Solar, Luca Lozano, Brown Amy, Nonsuit, OneMoHit, Jkoe Fro, Jay Handles 	Public Works (San Francisco)	Fri: Jan 17 (9:30pm-3:30am)	house, funky house	$20  | 21+		https://www.residentadvisor.net/events/1360097
4B 	Pure Nightclub (Sunnyvale)	Fri: Jan 17 (10pm-2am)	trap, dubstep	$20-30 | 21+		https://www.purenightclub408.com/event/4b-01-17-20/
International Student Festival 	Club X (San Francisco)	Fri: Jan 17 (10pm-2am)	pop EDM, top 40, hip-hop	$4.50-19.50 | 18+		http://buytickets.at/isf/325325
The Jewel Box w// Mikos Da Gawd, Jai Bay Bae, Be1ng, Raeya 	Copper Spoon (Oakland)	Fri: Jan 17 (10pm-2am)	hip-hop, club music	$10 		https://www.facebook.com/events/2609938115902175/
Jayceeoh 	Temple Nightclub (San Francisco)	Fri: Jan 17 (10pm-3am)	trap, future bass	$5 b4 11 / $23.09+ | 21+		https://www.eventbrite.com/e/jayceeoh-tickets-85588468413
Mele 	Halcyon (San Francisco)	Fri: Jan 17 (10pm-4am)	tech house	$5 b4 11/$10-20 | 21+		https://www.eventbrite.com/e/mele-tickets-83252768271
Konstruct Vault Series 2: Joton (Spain) w/ Jx-216, Tariq, Rubidium, U-Srd 	TBA (San Francisco)	Fri: Jan 17 (10pm-6am)	techno	$25 b4 midnight/$30 | 21+		https://www.residentadvisor.net/events/1355659
Substance w/ Charles Feelgood & Doc Link, Jamie Swing, Ed Marco, DJ K-Tel, Mike Carpenter 	The Endup (San Francisco)	Fri: Jan 17 (10pm-6am)	deep house, tech house	Free w/RSVP b4 11pm/$5-10 pre/$15 | 21+	Delta Funk	https://substance0011720feelgooddoclink.eventbrite.com
Deep House Yoga 	The Green Yogi (Berkeley)	Sat: Jan 18 (7pm-9pm)	deep house, yoga	$30 		https://e.sparxo.com/Deep-House-Yoga-at-The-Green-Yogi-Berkeley
Drift: Neuro-Meditation 	Blue Bear School of Music (San Francisco)	Sat: Jan 18 (7:15pm-9pm)	ambient, experimental	$25  | 18+	Flower & Frequency	https://flowerandfrequency.com/drift-blue-bear/drift-blue-bear-1420-lf337-zpp3l
Club Necromancy - Call Of The Cali Coven 	Midtown Barfly (Sacramento)	Sat: Jan 18 (9pm-1:30am)	goth, industrial, synthpop, EBM, dark 80s, new wave	$5 b4 10/$8 | 21+		https://www.facebook.com/events/544608482933914/
Yuka Yu 	Fern Bar (Sebastopol)	Sat: Jan 18 (9pm-11:30pm)	funk, disco, house, techno, afro, acid	Free | 21+		https://www.facebook.com/events/2892484454112757/
MNML:FUN w/ Samone and Trevor Sigler 	Underground (San Francisco)	Sat: Jan 18 (9pm-2am)	minimal, techno, tech house	$5 b4 10/$10 | 21+		https://www.facebook.com/events/2184256345204450/
Smartbombv66 w/ Linafornia, Mophono, Idhaz, Og Jarin, James Wavey 	The Legionnaire Saloon (Oakland)	Sat: Jan 18 (9pm-2am)	hip-hop, club music, experimental, dubstep	$5-10 | 21+	Smart Bomb	https://www.eventbrite.com/e/smartbombv66-w-linafornia-mophono-idhaz-og-jarin-james-wavey-tickets-88281890511
The Standard - San Diego Takes Over SF w/Susio, Evlo, Matth, 1Accord 	Hawthorn (San Francisco)	Sat: Jan 18 (9pm-2am)	house, hip-hop, top 40	21+	Gold Bloc	https://www.facebook.com/events/479222943020022/
Bootie Mashup: Winter Sparkle Party 	DNA Lounge (San Francisco)	Sat: Jan 18 (9pm-3:30am)	mashups	$10 b4 11pm/$15 pre/$20 | 18+	Bootie Mashup (S.F.)	https://dnalounge.com/calendar/2020/01-18.html
The Garden Party w/ Concret (Mayan Warrior) // Benjamin K // Torie 	Monarch (San Francisco)	Sat: Jan 18 (9:30pm-2:30am)	tech house, progressive house, deep house	$10-15 | 21+	You're Welcome	https://www.eventbrite.com/e/the-garden-party-with-concret-mayan-warrior-benjamin-k-torie-tickets-86865907267
Felix Da Housecat 	Audio (San Francisco)	Sat: Jan 18 (9:30pm-2am)	electro house, tech house, deep house	Free w/RSVP b4 11pm/$10 | 21+		https://audiosf.com/event/felix-da-housecat-01-18/
Skam Artist DJ Kyle Flesch 	The Park Ultra Lounge (Sacramento)	Sat: Jan 18 (9:30pm-2am)	big room, electro house, dubstep, trap			https://www.facebook.com/events/2315226092109323/
A Club Called Rhonda SF 	The Great Northern (San Francisco)	Sat: Jan 18 (9:30pm-3:30am)	house, disco	$15 pre | 21+	The Great Northern	http://www.residentadvisor.net/events/1364098
Techno Masquerade 4 Ft. Michio & Ally Af 	Public Works Loft (San Francisco)	Sat: Jan 18 (9:30pm-3:30am)	bass house, tech house	Free w/RSVP/$7-15 | 21+	Zero Fucks	https://www.eventbrite.com/e/zf-presents-techno-masquerade-4-ft-michi-ally-af-tickets-86981709635
Twisted Castle Disco Saturday 	Edinburgh Castle Pub (San Francisco)	Sat: Jan 18 (10pm-2am)	maximal house, techno, disco, jazz	Free | 21+		https://www.facebook.com/events/2435473106688335/
Throttle 	Temple Nightclub (San Francisco)	Sat: Jan 18 (10pm-3am)	pop EDM, house	$20  | 21+		https://www.eventbrite.com/e/throttle-tickets-83283074919
Martin Ikin, Andy P , Francesa Cavallo 	Halcyon (San Francisco)	Sat: Jan 18 (10pm-4am)	tech house	$5 b4 11/$10-20 | 21+		https://www.eventbrite.com/e/martin-ikin-tickets-83883458683
Pezzner, Joeski & Black V Neck 	Public Works (San Francisco)	Sat: Jan 18 (10pm-4am)	tech house	$10 b4 11/$20 | 21+	Set SF	https://www.eventbrite.com/e/pezzner-joeski-black-v-neck-dirtybird-at-public-works-tickets-86847644643
Leon Vynehall + Oona Dahl 	1015 Folsom (San Francisco)	Sun: Jan 19 (8pm-1am)	tech house, progressive house, deep house	$12-20 | 21+		https://www.eventbrite.com/e/leon-vynehall-oona-dahl-at-1015-folsom-tickets-81432576027
8th Ann. Winter Snow Ball 	Midtown Barfly (Sacramento)	Sun: Jan 19 (9pm-1:30am)	industrial, goth, EBM, darkwave	21+	Factor Ix	https://www.facebook.com/events/2530223327250127/
Honey Soundsystem's Mlk Sunday: Liberation Dance 	Audio (San Francisco)	Sun: Jan 19 (9pm-4am)	house	$10-20 | 21+		https://www.residentadvisor.net/events/1328176
Deorro 	Park Ultra Lounge (Sacramento)	Sun: Jan 19 (9:30pm-2am)	big room house	$19+ | 21+	Midnite Events	https://www.eventbrite.com/e/deorro-tickets-85011992157
Brothers & Sisters w/ DJs Dedan & Daniela 	Luka's Taproom & Lounge (Oakland)	Sun: Jan 19 (10pm-1am)	house	$5  | 21+		https://www.facebook.com/events/590734375084519/
Salt Acid Phat Beats Feat. Czechmate 	The Flamingo House (Sacramento)	Tue: Jan 21 (9pm-1:30am)	house	Free	H Y B R I D	https://www.facebook.com/events/646537802754543/
Bogl'sBday Bass Battle รยน Soundpieces 	Monarch (San Francisco)	Tue: Jan 21 (10pm-2am)	dubstep, trap, grime, hip-hop, footwork, juke, halftime drum and bass, house	$7  | 21+		https://www.eventbrite.com/e/bogls-bday-bass-battle-soundpieces-tickets-87289576473
DJmaDRE 	The Royale (San Francisco)	Wed: Jan 22 (8pm-12am)	future bass, hip hop, funk, soul, global bass	Free | 21+	Will Weston	https://www.instagram.com/djmadresf/
Beat Banquet w/ Maitre D In The Lounge 	Monarch (San Francisco)	Wed: Jan 22 (9pm-2am)	hip-hop, funk, disco, soul	Free | 21+		http://www.residentadvisor.net/events/1360747
Housepitality: Silky Thunder, Just Lucas, Kevin Keiper 	F8 1192 Folsom (San Francisco)	Wed: Jan 22 (9pm-2am)	deep house, tech house, funky house	Free w/RSVP b4 10pm / $5 pre / $10 | 21+		https://www.residentadvisor.net/events/1368177?fbclid=IwAR27HGBkghYuo7WnYV6WZHzf2K94CRGgfeGPlNaGBBLVddBP1dqnrz1LXIA
Throw Down Thursday 	Spats (Berkeley)	Thu: Jan 23 (9pm-2am)	bass house, g-house, disco, hip-hop	Free | 21+		https://www.eventbrite.ie/e/throw-down-thursday-house-music-night-berkeley-tickets-69202292921
Moritz Von Oswald: Akklamation 	Gray Area Foundation For The Arts (San Francisco)	Fri: Jan 24 (8pm-11:30pm)	experimental	$20 		http://grayarea.org/event/moritz-von-oswald-akklamation/
Ybn Cordae 	Cornerstone (Berkeley)	Fri: Jan 24 (8:30pm-11:30pm)	hip-hop	$20-75 | All ages	Cornerstone	https://www.eventbrite.com/e/ybn-cordae-tickets-80979863953
Eliminate 	DNA Lounge (San Francisco)	Fri: Jan 24 (9pm)	dubstep, trap	$10-27 | 18+	Mixpression	https://www.dnalounge.com/calendar/2020/01-24.html
Barely Alive 	Elev8 (San Jose)	Fri: Jan 24 (9pm-1:30am)	dubstep, trap, electro house	$10+ | 21+	Vital, Olympus Events	https://www.eventbrite.com/e/vital-olympus-present-barely-alive-at-elev8-san-jose-tickets-87357539753
Lindsey Herbert, Victor Vega 	Underground (San Francisco)	Fri: Jan 24 (9pm-2am)	techno	$5  | 21+	Prox.Im.I.Ty	http://www.residentadvisor.net/events/1352441
Anjunadeep 11 Release Party w/ James Grant & Jody Wisternoff 	Audio (San Francisco)	Fri: Jan 24 (9:30pm-2am)	progressive house, deep house	$15-35 | 21+		https://www.eventbrite.com/e/anjunadeep-11-release-party-w-james-grant-jody-wisternoff-tickets-85583138471
Saymyname 	Park Ultra Lounge (Sacramento)	Fri: Jan 24 (9:30pm-2am)	hard trap, riddim dubstep	$14+ | 21+	Midnite Events	https://www.eventbrite.com/e/saymyname-tickets-86883311323
Sebastian Mullaert & Vril 5 Hour Live Set 	Public Works (San Francisco)	Fri: Jan 24 (9:30pm-3am)	techno	$20  | 21+		https://www.eventbrite.com/e/sebastian-mullaert-vril-5-hour-live-set-tickets-86980684569
Deorro 	Pure Nightclub (Sunnyvale)	Fri: Jan 24 (10pm-2am)	big room house	$25-30 | 21+		https://www.purenightclub408.com/event/deorro-01-24-20/
Will Clarke (Open To Close) 	1015 Folsom (San Francisco)	Fri: Jan 24 (10pm-3am)	tech house, deep house	$15-25 | 21+		http://clarke1015-ra.eventbrite.com
Genix 	Halcyon (San Francisco)	Fri: Jan 24 (10pm-4am)	trance	$10-25 | 21+		https://www.eventbrite.com/e/genix-tickets-83685506603
Substance w/ Kid Engima, Marcello Dellaccio, Dusty Carter, Dennis Ruiz, Sakeone 	The Endup (San Francisco)	Fri: Jan 24 (10pm-6am)	house	Free w/RSVP b4 11pm/$5-10 pre/$15 | 21+	Delta Funk	https://substance012420kidengima.eventbrite.com
Drift: Neuro-Meditation 	Blue Bear School of Music (San Francisco)	Sat: Jan 25 (7:15pm-9pm)	ambient, experimental	$25  | 18+	Flower & Frequency	https://flowerandfrequency.com/drift-blue-bear/drift-blue-bear-1420-lf337-zpp3l-sfe5m
Imagine - Wildflowers In Winter - Unity 20 Year Anniversary Rave: Jimni Cricket, DJ D, Elevener, Happy Kid Marty, J Power, Lunar, Michael Liu, Switchblade, Sychosis, Tracer 	BRIX 581 (Oakland)	Sat: Jan 25 (9pm-2am)	hardcore, drum and bass, house, trance, breaks, dubstep	$5-25 | 21+	Imagune Unity	https://wildflowersinwinter2020.eventbrite.com/
Mercury Soul Ft. Dave Aju + The Music Of Haydn, Phillip Glass, Paganini 	Halcyon (San Francisco)	Sat: Jan 25 (9pm-2am)	leftfield, classical	$10-22 | 21+		https://www.eventbrite.com/e/mercury-soul-ft-dave-aju-the-music-of-haydn-phillip-glass-paganini-tickets-84999336303
Planet Disco: Kendoll, Shdws, 219 Boys & More! 	Valencia Room (San Francisco)	Sat: Jan 25 (9pm-2am)	bass house	$5 w RSVP b4 10/$10-20 | 21+	Olympus Events	https://nightout.com/events/planetdisco012520/tickets
San Junipero - A Retrowave Party 	Rickshaw Stop (San Francisco)	Sat: Jan 25 (9pm-2am)	retrowave, synthwave	Free w/RSVP/$10 | 18+	Gbh	https://www.eventbrite.com/e/san-junipero-a-retrowave-party-free-wrsvp-first-50-ppl-tickets-83924770247
Karacus Marakus- Usa Showcase 	Danzhaus (San Francisco)	Sat: Jan 25 (9pm-6am)	psytrance, goa trance	$20 pre | 21+	Nicolo Pastor	https://www.facebook.com/events/2314246982160285/
Raindance Presents: Lunar New Year Of The Rat w/ J.Phlip, Little John, DJ Madd, An-Ten-Nae, Bo$$Angeles, Rumpus, Dulce Vita, Digital Honey, Marky Ray, Rudeskool 	The Great Northern (San Francisco)	Sat: Jan 25 (9:30pm-2:30am)	breaks, house, funk, glitch-hop	$20-25 | 21+		https://www.eventbrite.com/e/j-phlip-dj-madd-more-raindance-presents-lunar-new-year-of-the-rat-tickets-88179143191
J. Worra 	Audio (San Francisco)	Sat: Jan 25 (9:30pm-2am)	funky house, bass house, deep house	$10-20 | 21+		https://www.eventbrite.com/e/j-worra-tickets-79282577323
Opel Presents Pleasurekraft 	Monarch (San Francisco)	Sat: Jan 25 (9:30pm-3am)	tech house	$10-19 | 21+		https://www.eventbrite.com/e/opel-presents-pleasurekraft-at-monarch-tickets-85605591629
Bootie Mashup: Hindsight Is 2020 - Throwback Party 	DNA Lounge (San Francisco)	Sat: Jan 25 (10pm-3:30am)	mashups	$10 b4 11pm/$15 pre/$20 | 18+	Bootie Mashup (S.F.)	https://dnalounge.com/calendar/2020/01-25.html
Polyglamorous Jan- Sassmouth 	F8 1192 Folsom (San Francisco)	Sat: Jan 25 (10pm-4am)	deep house, techno	$10-15 | 21+		https://www.eventbrite.com/e/polyglamorous-jan-sassmouth-tickets-84181297527
2020 Brunch Party Opener w/ Cut Snake 	Bergerac (San Francisco)	Sun: Jan 26 (1pm-6pm)	electro house, progressive house	$10-15 | 21+		https://www.tixr.com/groups/alldayallnight/events/2020-brunch-party-opener-w-cut-snake-16987
Worthy, Andrew Phelan 	Hotel Via (San Francisco)	Sun: Jan 26 (1pm-8pm)	tech house, funky house	$10-20 | 21+	Prismatic	http://viaworthy.eventbrite.com/
2nd Annual Sunday 'Winter' Bliss 	Lost & Found Beer Garden (Oakland)	Sun: Jan 26 (2pm-9pm)	deep house, soulful house, funky house	$10  | 21+	Sunday Bliss	https://www.facebook.com/events/306398696737177/
Beat Banquet w/ Maitre D In The Lounge 	Monarch (San Francisco)	Wed: Jan 29 (9pm-2am)	hip-hop, funk, disco, soul	Free | 21+		http://www.residentadvisor.net/events/1360748
Housepitality: Warehouse Preservation Society, Rodney,Dirty Dave 	F8 1192 Folsom (San Francisco)	Wed: Jan 29 (9pm-2am)	techno, tech house, deep house	Free w/RSVP b4 10pm / $5 pre / $10 | 21+		https://www.residentadvisor.net/events/1368646?fbclid=IwAR3NVLNg-3vmhz8LPgOACH0gFs5ILY98_BEKqhFczSqmHmaCRCUPyu3By1U
Tipper - Surrounded : Dance 	Envelop At The Midway (San Francisco)	Thu: Jan 30 (8pm-9:15pm)	glitch, experimental, bass music	$25  | 21+	Envelop	https://www.eventbrite.com/e/tipper-surrounded-dance-8pm-general-admission-tickets-87068320691
Black Tiger Sex Machine 	The Uc Theatre Taube Family Music Hall (Berkeley)	Thu: Jan 30 (9pm-12am)	dubstep, trap	$30  | All ages	The Uc Theatre	https://www.eventbrite.com/e/black-tiger-sex-machine-tickets-78676446369
Sequence: Doctor P & Cookie Monsta 	DNA Lounge (San Francisco)	Thu: Jan 30 (9pm-2am)	dubstep	$10-30 | 18+	Vital Events, Olympus	https://doctorpcookie.eventbrite.com/
Tipper - Surrounded : Dance 	Envelop At The Midway (San Francisco)	Thu: Jan 30 (10pm-11:15pm)	glitch, experimental, bass music	$25  | 21+	Envelop	https://www.eventbrite.com/e/tipper-surrounded-dance-10pm-general-admission-tickets-87083038713
Onec Upon A So Stoked: Alex Di Stefano, Luna-C & Lowercase, Flapjack, Purkhiser, Just Trees, Carrotkore, Wolvero, Dmn, Delomi 	DNA Lounge (San Francisco)	Fri: Jan 31 (7pm)	trance, hardcore, drum and bass, house, dubstep	$10-20 pre/$25-30 | All ages	Kandi Love, PLUR Alliance	https://www.dnalounge.com/calendar/2020/01-31.html
Jauz, Habstrakt, Tynan 	Senator Theatre (Chico)	Fri: Jan 31 (8pm)	bass house, electro house, dubstep, trap	$26 pre/$30 | 18+	Jmax Productions & Ineffable Music	https://www.ticketweb.com/event/jauz-habstrakt-senator-theatre-tickets/10106985?pl=jmax
Ecstatic Dance San Jose 	First Unitarian Church Of San Jose (San Jose)	Fri: Jan 31 (8pm-10pm)	world music, global bass, downtempo, yoga	$20  | All ages	Ecstatic Dance	https://www.facebook.com/events/550646478678132/
Prospa Live 	Rickshaw Stop (San Francisco)	Fri: Jan 31 (9pm-1am)	hip-hop	$15  | 18+		https://www.eventbrite.com/e/prospa-uk-live-popscene-tickets-84827959711
Baba Yaga's Lair, Carlos Souffront, Matthew Paul, Ivana Karpierz 	Underground (San Francisco)	Fri: Jan 31 (9pm-2am)	deep house, techno, tech house	$5-20 | 21+	Ivana Smith	http://www.residentadvisor.net/events/1367319
Juliana 	RS94109 (San Francisco)	Fri: Jan 31 (9pm-2am)	techno, electro	$10-25 | 18+		https://www.residentadvisor.net/events/1367771
Nikki and Caseys Bday 	Flamingo Resort (Santa Rosa)	Fri: Jan 31 (9pm-2am)	house, breaks, drum and bass		Casey Clark	https://www.facebook.com/events/591255898097520/
Psyonic Bloom - Frequency Frolic: Shake & Luiz Del Valle 	F8 1192 Folsom (San Francisco)	Fri: Jan 31 (9pm-4am)	psytrance, progressive trance, techno	$10  | 21+	Geomagnetic	https://www.eventbrite.com/e/psyonic-bloom-frequency-frolic-shake-luiz-del-valle-friday-jan-31-2020-tickets-87910365269
Enamour 	Audio (San Francisco)	Fri: Jan 31 (9:30pm-2am)	progressive house, tech house	Free w/RSVP b4 11pm/$10 | 21+		https://www.eventbrite.com/e/enamour-tickets-82880111645
Gammer 	Pure Nightclub (Sunnyvale)	Fri: Jan 31 (10pm-2am)	hardcore, dubstep	$15-25 | 21+		https://www.purenightclub408.com/event/gammer-01-31-20/
Gasolina Reggaeton Party 	August Hall (San Francisco)	Fri: Jan 31 (10pm-2am)	reggaeton	$10-15 pre/$20 | 21+		https://www.facebook.com/events/841764752927021/
Com Truise + Fm-84 (DJ Set) 	1015 Folsom (San Francisco)	Fri: Jan 31 (10pm-3am)	synthpop, downtempo, electro, IDM	$15-25 | 21+		https://www.eventbrite.com/e/com-truise-fm-84-at-1015-folsom-tickets-81404341577
Chaim 	Halcyon (San Francisco)	Fri: Jan 31 (10pm-4am)	tech house, deep house	$5-20 | 21+		https://www.eventbrite.com/e/chaim-tickets-86055092097
Substance w/ Jask 	The Endup (San Francisco)	Fri: Jan 31 (10pm-6am)	house, jackin house, hip-hop, latin dance	Free b4 11pm List / $15 | 21+	Substance SF	https://www.eventbrite.com/e/substance-w-jask-tickets-87186189239
Pizza and Techno 	Audio Nightclub (San Francisco)	Sat: Feb 1 (1pm-8pm)	tech house, funky house	Free before 2pm RSVP / $5-20 | 21+		https://www.eventbrite.com/e/pizza-and-techno-at-audio-sf-beats-by-the-slice-2020-tickets-85394500249
Jauz, Drezo, Habstrakt, Tynan 	Bill Graham Civic Auditorium (San Francisco)	Sat: Feb 1 (8pm)	bass house, electro house, dubstep, trap	$25-40 | 18+	Another Planet Entertainment	https://www.ticketmaster.com/jauz-san-francisco-california-02-01-2020/event/1C005744C58F4FD6
Baynk 	Regency Ballroom (San Francisco)	Sat: Feb 1 (9pm)	house, pop EDM	$20-25 | 18+	Goldenvoice	https://www.axs.com/events/386278/baynk-tickets
Minnesota w/ Eastghost, Thelem, Abelation 	The Independent (San Francisco)	Sat: Feb 1 (9pm)	dubstep	$20 pre/$25 | 21+		https://www.ticketweb.com/event/minnesota-the-independent-tickets/10029205
Satori Presents: A Cure Celebration 	Club Satori (San Jose)	Sat: Feb 1 (9pm-1:30am)	goth, darkwave, new wave	$6 pre/$10 | 21+	Club Satori	https://www.facebook.com/events/2489832434594340/
DJ Scene 	Opal (Mountain View)	Sat: Feb 1 (9:30pm-2am)	pop EDM, hip-hop	$9.99 	Opal Nightclub	https://www.eventbrite.com/e/dj-scene-opal-tickets-84802708183
Le Youth 	Audio (San Francisco)	Sat: Feb 1 (9:30pm-2am)	disco, house	$15-25 | 21+		https://www.eventbrite.com/e/le-youth-tickets-83067215277
Dirty Not Sorry w/Jace Mek 	The Valencia Room (San Francisco)	Sat: Feb 1 (10pm-2am)	electro house, bass house, funky house	$5-15 | 21+	House Of Bass & Modvlar Events	https://www.eventbrite.com/e/dirty-not-sorry-wjace-mek-at-the-valencia-room-21-tickets-86775549003
Madeaux 	Halcyon (San Francisco)	Sat: Feb 1 (10pm-4am)	r&b, house, pop EDM, future bass	$5-25 | 21+		https://www.eventbrite.com/e/madeaux-tickets-86200769823
Housebroken: Matthew Brian, Bimes Ill, Mike Bledsoe 	The Endup (San Francisco)	Sun: Feb 2 (2am-6am)	house	21+	Housebroken Events	https://www.facebook.com/events/487665431852529/
Minnesota w/ Eastghost, Thelem & Thook 	Hopmonk Tavern Sebastopol (Sebastopol)	Sun: Feb 2 (8pm-1:30am)	dubstep		The Juke Joint	https://www.ticketfairy.com/event/minnesota-exit-reality-sebastopol-ca-02-02-2feb2020/?fbclid=IwAR3GpA-9QN9djm45W484_5x7arv1FQNOoq0ym3dOj_ddW4xGxzHkKzDufpY
Rynx 	Slim's (San Francisco)	Tue: Feb 4 (8pm-11:59pm)	future bass, trap, dubstep	$22.50  | All ages		https://www.eventbrite.com/e/rynx-tickets-80400695645
Tycho, Mild Minds 	Fox Theater (Oakland)	Wed: Feb 5 (8pm)	downtempo, IDM, house	$45  | 18+		https://www.ticketmaster.com/tycho-oakland-california-02-05-2020/event/1C00576FE21C70E2
Minnesota Exit/Reality Tour 	Arcata Theatre Lounge (Arcata)	Wed: Feb 5 (8pm-12am)	dubstep	$20-25	World Famous Productions	https://www.facebook.com/events/598979733980397/
Jauz, Drezo - The Dangerous Waters Tour 	Rainbow Ballroom (Fresno)	Thu: Feb 6 (9:30pm-1:30am)	bass house, electro house, dubstep, trap	$25  | 18+	K-Lin	https://www.eventbrite.com/e/jauz-in-fresno-dangerous-waters-tour-tickets-82868549061
Better Than One Ft. Neszlo, Jstn & Bto Collective 	1015 Folsom (San Francisco)	Thu: Feb 6 (10pm-2:30am)	future bass, dubstep, midtempo bass	$15-20.50 | 21+		https://www.eventbrite.com/e/better-than-one-ft-neszlo-jstn-bto-collective-at-1015-folsom-tickets-84982993421
The Knocks & Friends 	Audio (San Francisco)	Fri: Feb 7 (9pm-2am)	funky house, nu-disco	$15-35 | 21+		https://www.eventbrite.com/e/the-knocks-friends-tickets-85912816547
Dilla Day 2020 w/ J. Rocc 	The Great Northern (San Francisco)	Fri: Feb 7 (9:30pm-2:30am)	hip-hop	Free b4 11pm w/RSVP / $20 | 21+	15Utah	https://www.eventbrite.com/e/dilla-day-2020-w-j-rocc-tickets-85051482273
Bruno Furlan 	Halcyon (San Francisco)	Fri: Feb 7 (10pm-4am)	tech house	$5-20 | 21+		https://www.eventbrite.com/e/bruno-furlan-tickets-87183794075
Armin van Buuren: Balance Tour 	Bill Graham Civic Auditorium (San Francisco)	Sat: Feb 8 (5pm-12am)	trance, big room house	$55-65 | 18+	Insomniac	https://www.ticketmaster.com/event/1C00574EC7016F7F
Dive - 3 Decades Anniversary Tour 	Elbo Room Jack London (Oakland)	Sat: Feb 8 (9pm-1am)	dark electro, darkwave	$20  | 21+	Bodyshock	https://www.eventbrite.com/e/dive-3-decades-anniversary-tour-in-oakland-tickets-79288603347
Katalyst 	Warehouse (East Bay)	Sat: Feb 8 (9pm-5am)	techno, drum and bass, jungle	$10-20	Thought Society	https://www.facebook.com/events/306624833591459/
DJ Seinfeld, Eug 	The Great Northern (San Francisco)	Sat: Feb 8 (9:30pm-3am)	house	$15-25 | 21+	As You Like It + Dj Dials Pre	https://www.eventbrite.com/e/dj-seinfeld-tickets-86967073859
Wax Motif 	August Hall (San Francisco)	Sat: Feb 8 (10pm)	g-house, bass house, nu-disco	$24  | 21+		https://www.ticketweb.com/event/wax-motif-at-august-hall-august-hall-tickets/10091455
Sango 	The Uc Theatre Taube Family Music Hall (Berkeley)	Sat: Feb 8 (10pm-1am)	hip-hop	$27.50-32.50 | All ages	The Uc Theatre	https://www.eventbrite.com/e/sango-tickets-76837088801
Intimate Night w/ Perfect Stranger, Yuli Fershtat, Desert Dwellers, DJ Keyframe 	The Midway (San Francisco)	Sat: Feb 8 (10pm-3:30am)	glitch-hop, dubstep, psydub, psytrance	$20-25 | 21+	Perfect Stranger	https://www.bigneon.com/tickets/an-intimate-night-with-perfect-stranger-yuli-fershtat-with-special-guest-desert-dwellers-san-francisco
Danny Krivit 	Monarch (San Francisco)	Sat: Feb 8 (10pm-3am)	house, soul, funk	$10-20 | 21+	15Utah	https://www.eventbrite.com/e/danny-krivit-nyc-monarch-sf-tickets-85703093259
Saturday Night Afters: Keith Mackenzie, Charlotte the Baroness, Mike Bledsoe 	The Endup (San Francisco)	Sun: Feb 9 (2am-6am)	breaks, house	21+	Housebroken Events	https://www.facebook.com/events/783136062122279/
Anjuna Family SF Brunch w/ Marsh 	Bergerac (San Francisco)	Sun: Feb 9 (1pm-6pm)	progressive house, deep house	$15-20 | 21+	All Day All Night Events	https://bit.ly/AnjunaFamSFBrunch
Ekali - A World Away Tour 	Arcata Theatre Lounge (Arcata)	Wed: Feb 12 (9pm-1:30am)	trap, future bass	$15-65 | 21+	World Famous Productions	https://ekali-arcata.eventbrite.com/
The Joe Kay Experience - A Special 4 Hour Set 	The New Parish (Oakland)	Thu: Feb 13 (8pm-11:30pm)	hip-hop, future beats	$25  | 21+		https://www.eventbrite.com/e/the-joe-kay-experience-a-special-4-hour-set-tickets-86078987569
David August Presents The Life Of Merisi 	August Hall (San Francisco)	Thu: Feb 13 (9pm)	live pa, techno	$25  | 21+		https://www.ticketweb.com/event/david-august-presents-the-life-august-hall-tickets/10049105
Sub Focus, Dimension, Culture Shock, 1991 	1015 Folsom (San Francisco)	Thu: Feb 13 (9pm-2am)	drum and bass	$15-25 | 21+		https://www.eventbrite.com/e/sub-focus-dimension-culture-shock-more-at-1015-folsom-tickets-85655284261
Crush SF 	Bill Graham Civic Auditorium (San Francisco)	Fri: Feb 14-Sun: Feb 16 (Fri: 6pm-Sun: 1am)	multigenre EDM	$110  | 18+		https://www1.ticketmaster.com/event/1C00578A9F953A83
Little People, Frameworks, Yppah 	Starline Social Club Ballroom (Oakland)	Fri: Feb 14 (8:30pm-1:30am)	downtempo, hip-hop	$16  | 21+	Starline Social Club	https://www.eventbrite.com/e/little-people-frameworks-yppah-tickets-76383311541
Jvna 	Regency Ballroom (San Francisco)	Fri: Feb 14 (9pm)	pop EDM, future bass, trap	$25+ | 18+	Goldenvoice	https://www.axs.com/events/388084/jvna-tickets
Squish: T4t Luv Nrg (Octo Octa b2b Eris Drew - All Night) 	Public Works (San Francisco)	Fri: Feb 14 (9pm-3am)	house, techno, breaks	$15  | 21+	Squish SF	https://www.residentadvisor.net/events/1346509
Dom Dolla & Sonny Fodera 	The Midway (San Francisco)	Fri: Feb 14 (10pm)	deep house, tech house	$25-30 | 21+	Goldenvoice	https://www.axs.com/events/388806/dom-dolla-sonny-fodera-tickets
Factor B 	Halcyon (San Francisco)	Fri: Feb 14 (10pm-4am)	trance, uplifting trance	$15-30 | 21+		https://www.eventbrite.com/e/factor-b-tickets-86020251889
Carl Craig 	Audio (San Francisco)	Sat: Feb 15 (9:30pm-2am)	techno, house	$10  | 21+		https://www.eventbrite.com/e/carl-craig-tickets-85183372761
No Mana 	Halcyon (San Francisco)	Sat: Feb 15 (10pm-4am)	progressive house, tech house	$5-20 | 21+		https://www.eventbrite.com/e/no-mana-tickets-85671185823
Rhythm Method - Saturday Night Afters: Andrew Emil, Jack Richards, Mike Bledsoe 	The Endup (San Francisco)	Sun: Feb 16 (2am-6am)	house, funky house, deep house	21+	Housebroken Events	https://www.facebook.com/events/415144562456922/
Fm+1 Mystery Event 	The Armory Club (San Francisco)	Sun: Feb 16 (7pm-9:30pm)	live electronic, modular synth	Free | 21+	Franck Martin	https://www.eventbrite.com/e/fm1-mystery-event-feb-2020-tickets-86304098883
i_o 	1015 Folsom (San Francisco)	Sun: Feb 16 (9pm-1am)	tech house, techno	$20-30 | 21+		https://www.eventbrite.com/e/i-o-at-1015-folsom-tickets-86385392033
Honey Soundsystem President's Day Sunday 	Audio (San Francisco)	Sun: Feb 16 (9pm-4am)	house	$10-20 | 21+		https://www.residentadvisor.net/events/1328177
AC Slater // Hi8 Tour 	Park Ultra Lounge (Sacramento)	Thu: Feb 20 (9pm-2am)	bass house, electro house	$12  | 21+	Midnite Events	https://www.eventbrite.com/e/ac-slater-tickets-75043070845
AC Slater 	Regency Ballroom (San Francisco)	Fri: Feb 21 (9pm)	bass house, electro house	$25-30 | 18+	Goldenvoice	https://www.axs.com/events/383951/ac-slater-tickets
Robot Ears: Drumcell 	F8 1192 Folsom (San Francisco)	Fri: Feb 21 (9pm-4am)	techno	$15 pre | 21+		https://www.residentadvisor.net/events/1341595
SoundXperiment 007SF | Lenny Kiser, Bengal, Susio, Chuwee 	Monarch (San Francisco)	Fri: Feb 21 (9:30pm-3am)	tech house	$15 pre | 21+	soundXperiment	https://www.facebook.com/events/374449380047604/
DJ Shift 	Opal (Mountain View)	Sat: Feb 22 (9pm-2am)	pop EDM	$9.99 	Opal Nightclub	https://www.eventbrite.com/e/dj-shift-opal-tickets-84805051191
Don't Make Me Wait! Classic House w/ DJs Tedd Patterson & Rolo Talorda 	The Stud (San Francisco)	Sat: Feb 22 (9pm-4am)	house	$10-12.50	Don't Make Me Wait/SF	https://www.eventbrite.com/e/dont-make-me-wait-classic-house-w-djs-tedd-patterson-rolo-talorda-tickets-86260370089
Jantsen & Protohype: Good Times Tour 	The Great Northern (San Francisco)	Thu: Feb 27 (9pm-2am)	electro house, dubstep	$10-25 | 21+	The Great Northern	https://www.eventbrite.com/e/jantsen-protohype-good-times-tour-at-the-great-northern-tickets-86935369029
Galantis 	Bill Graham Civic Auditorium (San Francisco)	Fri: Feb 28 (8pm)		$49.50  | 18+		https://www.ticketmaster.com/galantis-san-francisco-california-02-28-2020/event/1C005752EEE38B4F
Matoma and Two Friends 	The Warfield (San Francisco)	Fri: Feb 28 (8pm)	tropical house, big room house	$38.50-51 | 18+		https://www.axs.com/events/386596/matoma-and-two-friends-tickets?cid=edmtrain
Bag Raiders 	The Independent (San Francisco)	Fri: Feb 28 (9pm)	pop EDM, synthpop	$23  | 21+	Noise Pop Festival 2020	https://www.ticketweb.com/event/bag-raiders-the-independent-tickets/10096505
Chaos In The Cbd + Kornel Kovacs, Baltra 	The Great Northern (San Francisco)	Fri: Feb 28 (9pm-3am)	funky house, deep house	$20-25 | 21+	Noise Pop	https://www.eventbrite.com/e/chaos-in-the-cbd-kornel-kovacs-baltra-tickets-80954305507
Maya Jane Coles 	1015 Folsom (San Francisco)	Fri: Feb 28 (10pm-3am)	deep house, tech house	$15  | 21+	Noise Pop	https://www.eventbrite.com/e/maya-jane-coles-at-1015-folsom-tickets-77953891187
Hippie Sabotage 	The Warfield (San Francisco)	Sat: Feb 29 (9pm)	trap, bass music	$29.50  | 18+		https://www.axs.com/events/387455/hippie-sabotage-tickets?cid=edmtrain
Jacques Greene 	Starline Social Club (Oakland)	Sat: Feb 29 (9pm-2am)	house	$17-24 | 18+	Noise Pop	https://www.eventbrite.com/e/jacques-greene-tickets-76381321589
Atish All Night: San Francisco 	Public Works (San Francisco)	Sat: Feb 29 (10pm-3am)	techno, progressive house, tech house	$20  | 21+		https://www.residentadvisor.net/events/1356776
Dombresky 	August Hall (San Francisco)	Fri: Mar 6 (10pm)	bass house, electro house, funky house	$20  | 21+		https://www.ticketweb.com/event/dombresky-at-august-hall-august-hall-tickets/10099165
Dark Dirty Disco - Q1 2020 	Driftwood (San Francisco)	Sat: Mar 7 (6pm-1am)	disco, house	21+		https://www.facebook.com/events/1035104633505320/
Anamanaguchi 	August Hall (San Francisco)	Sat: Mar 7 (8pm)	chiptune	$20  | All ages	August Hall	https://www.ticketweb.com/event/anamanaguchi-august-hall-tickets/10022595
Unity-A Tribe Affair w/ Gavin Hardkiss , Jeno, Tony , Galen, Bimes , Woods 	Warehouse (Sacramento)	Sat: Mar 7 (9pm-5am)	house, techno	Free w/RSVP b4 10:30pm / $11.11 pre/$20 | 21+	Deep Viben Productions	https://www.eventbrite.com/e/unity-a-tribe-affair-w-gavin-hardkiss-jeno-tony-galen-bimes-woods-tickets-85699548657?utm-medium=discovery&utm-campaign=social&utm-content=attendeeshare&aff=efbeventtix&utm-source=cp&utm-term=listing
Opel & Opulent Temple Present Gorgon City 	Public Works (San Francisco)	Sat: Mar 7 (9:30pm-3:30am)	house, uk garage	$15-30 | 21+		https://www.eventbrite.com/e/opel-opulent-temple-present-gorgon-city-tickets-85945686863
Cheat Codes 	Temple Nightclub (San Francisco)	Sat: Mar 7 (10pm-3am)	pop EDM	$20-750 | 21+		https://www.eventbrite.com/e/cheat-codes-tickets-85587353077
Peekaboo: The Impossible Tour w/ISOxo 	The Regency Ballroom (San Francisco)	Fri: Mar 13 (9pm)	dubstep, bass music	$18-28 | 18+	Goldenvoice	https://www.axs.com/events/385382/peekaboo-tickets?cid=aff_fb-oea-official-102180
Destructo - Twisted Tour 2020 	The Great Northern (San Francisco)	Fri: Mar 13 (9:30pm-2am)	hip-hop, trap, house	$20 pre | 21+	The Great Northern	https://www.residentadvisor.net/events/1351084
Marquee Madness 2020 	On One Studios (San Jose)	Sat: Mar 14 (3:30pm-8:30pm)	house dance	$20 pre/$25 | All ages		https://www.facebook.com/events/770064730092867/
Dan Deacon 	The Fillmore (San Francisco)	Sat: Mar 14 (9pm)	synthpop, experimental, leftfield	$23 		https://concerts1.livenation.com/event/1C005758F1317672?irgwc=1&clickid=T2R0BM2vgxyORV9wUx0Mo34BUknRUlUhuSr%253AQg0&camefrom=CFC_BUYAT_254533&impradid=254533&REFERRAL_ID=tmfeedbuyat254533&wt.mc_id=aff_BUYAT_254533&utm_source=254533-EDM%2520Train%2520LLC&impradname=EDM%2520Train%2520LLC&utm_medium=affiliate
Dan Deacon 	Harlow's (Sacramento)	Mon: Mar 16 (7pm)	synthpop, experimental, leftfield	$16  | 21+		https://www.showclix.com/event/dan-deacon
Pulse 2.0: AppleCat, Christina T, OmNa, LEI, Ashley Ames, Amy Roze, Lana Johnson, Josh D. , KymJoy, Solara 	Faces Nightclub (Sacramento)	Sat: Mar 21 (1pm-10:30pm)	house	$25  | 21+		https://www.facebook.com/events/413275455934742/
Suicide Commando 	Elbo Room Jack London (Oakland)	Sat: Mar 21 (8:30pm-2am)	EBM, industrial, electro	$25  | 21+	Bodyshock	https://www.eventbrite.com/e/suicide-commando-in-oakland-tickets-81619031721
Sequence: Tisoki + Minesweepa 	DNA Lounge (San Francisco)	Fri: Mar 27 (9pm-2am)	dubstep	$5-20 | 18+	Vital Events, Olympus	https://www.eventbrite.com/e/sequence-0327-tisoki-minesweepa-tickets-85942240555
Robot Ears + Dte: Shifted 	F8 1192 Folsom (San Francisco)	Fri: Mar 27 (9pm-4am)	techno, tech house	$15  | 21+		https://www.residentadvisor.net/events/1364530
Ones To Watch Presents:  Elohim v The Group Therapy Tour 	August Hall (San Francisco)	Sat: Mar 28 (9pm)	synthpop	$22.50  | All ages		https://www.ticketweb.com/event/ones-to-watch-presents-august-hall-tickets/10072925
Mija (Live) 	Slim's (San Francisco)	Fri: Apr 3 (9pm-11:59pm)	tech house, funky house, garage, bassline	$15-65 | All ages		https://www.eventbrite.com/e/mija-live-tickets-85012333177
Ben Bohmer (Live) 	Audio (San Francisco)	Fri: Apr 3 (9:30pm-2:30am)	progressive house, tech house	$15-20 | 21+		https://www.eventbrite.com/e/ben-bohmer-live-tickets-76861042447
Opel Presents Gabriel & Dresden : Remedy Album Tour 	The Great Northern (San Francisco)	Fri: Apr 10 (9:30pm-3:30am)	trance, progressive house	$15-23 | 21+		https://www.eventbrite.com/e/opel-presents-gabriel-dresden-remedy-album-tour-tickets-85711149355
Rhythm Method: G$Montana (Miami), Dot Diggler, Mike Bledsoe 	The Endup (San Francisco)	Sun: Apr 12 (2am-6am)	house, breaks	21+	Housebroken Events	https://www.facebook.com/events/1326355977546072/
Lords Of Acid: Make Acid Great Again Tour 	Slim's (San Francisco)	Wed: Apr 15 (8pm-11:59pm)	new beat	$30  | All ages		https://www.eventbrite.com/e/lords-of-acid-make-acid-great-again-tour-tickets-83409775885
Excision 	Papa Murphy's Park At Cal Expo (Sacramento)	Thu: Apr 16 (6:30pm)	dubstep	$49.50 		https://www1.ticketmaster.com/event/1C005773D20B5C01
L'Imperatrice 	Fox Theater (Oakland)	Thu: Apr 16 (8pm)	pop, disco, electro	$27.50  | 18+		https://www.ticketmaster.com/limperatrice-matahari-world-tour-2020-oakland-california-04-16-2020/event/1C005738B7018BE4
Mura Masa 	The Warfield (San Francisco)	Thu: Apr 16 (8pm)	hip-hop, synthpop	$34.50-50 | All ages		https://www.axs.com/events/385569/mura-masa-tickets?cid=edmtrain
Excision 	Bill Graham Civic Auditorium (San Francisco)	Fri: Apr 17 (7pm)	dubstep	$55  | 18+		https://www.ticketmaster.com/excision-san-francisco-california-04-17-2020/event/1C005775AA8D4D73
Floating Points - Live 	Gray Area (San Francisco)	Fri: Apr 17 (9pm-2am)	experimental, leftfield, house	$25-30 | 21+	15Utah, DJ Dials	https://www.eventbrite.com/e/floating-points-live-tickets-76480937543
Excision 	Bill Graham Civic Auditorium (San Francisco)	Sat: Apr 18 (7pm)	dubstep	$55  | 18+		https://www.ticketmaster.com/excision-san-francisco-california-04-18-2020/event/1C005775AA914D76
Squarepusher 	The Midway (San Francisco)	Fri: Apr 24 (9pm-2am)	drum and bass, IDM, breaks, experimental	$30-40 | 21+		https://www.axs.com/artists/122677/squarepusher-tickets
Electric Valley | La Riots | DJ Set 	Opal (Mountain View)	Fri: Apr 24 (9:30pm-1:30am)	electro house	$9.99 	Opal Nightclub	https://www.eventbrite.com/e/electric-valley-la-riots-dj-set-tickets-86989769743
Nightmares On Wax 	The Midway (San Francisco)	Sat: Apr 25 (9pm)	trip-hop, downtempo	$20-30 | 21+		https://www.axs.com/events/387977/nightmares-on-wax-tickets?cid=edmtrain
Aurora: Vaughn, Tape Ghost, Lindsey Herbert, JX-216, Max Gardner, Kudeki 	TBA (Oakland)	Sat: Apr 25 (9pm-5am)	techno		DEFSF	https://www.facebook.com/events/534529550731635/
DMVU & Tvboo - Eat My Sass Tour 	The Great Northern (San Francisco)	Thu: Apr 30 (10pm-2am)	hybrid trap, dubstep, bass music	$15-25 | 21+	The Great Northern	https://www.eventbrite.com/e/dmvu-tvboo-eat-my-sass-tour-san-francisco-tickets-83222730427
Dead Can Dance 	The Masonic (San Francisco)	Thu: May 7 (8pm)	ambient, modern classical	$235+		http://concerts.livenation.com/event/1C005744A2083501
Little Dragon 	Fox Theater (Oakland)	Fri: May 8 (8pm)	trip-hop, synthpop, downtempo, dream pop	18+		https://www.ticketmaster.com/little-dragon-oakland-california-05-08-2020/event/1C005752E814888B
Nicola Cruz (DJ Set) 	1015 Folsom (San Francisco)	Fri: May 8 (10pm-3am)	progressive house, tech house, techno, experimental	$20-30 | 21+		https://www.eventbrite.com/e/nicola-cruz-dj-set-at-1015-folsom-tickets-82725719855
Die Antwoord - House Of Zef 	Bill Graham Civic Auditorium (San Francisco)	Fri: May 15 (7:30pm)	hip-hop, electro, experimental	$49.50 		https://www.ticketmaster.com/die-antwoord-house-of-zef-san-francisco-california-05-15-2020/event/1C005692E0D37572
Shallou 	Fox Theater (Oakland)	Fri: May 29 (8pm)	electro house, downtempo, indie dance	$29.50 		https://www1.ticketmaster.com/event/1C00577BACEB36AC
